Hourly measurement data from Defra on,19/03/2025  00:00:00
Site Name,London Bloomsbury
Site Type, Urban Background
Region, Greater London
Latitude, 51.52229
Longitude, -0.125889
Notes:, [1] All Data GMT hour ending;  [2] Some shorthand is used, V = Verified, P = Provisionally Verified, N = Not Verified, S = Suspect, [3] Unit of measurement (for pollutants) = ugm-3
Date,Time,Nitrogen dioxide,Status,Ozone,Status,PM10 particulate matter (Hourly measured),Status,PM2.5 particulate matter (Hourly measured),Status,Sulphur dioxide,Status
2024-01-01,,14.130027916666666666666666667,V,58.799698333333333333333333333,V,no data,V,no data,V,1.06409625,V
2024-01-02,,15.31118625,V,67.37427875,V,-54.045833333333333333333333333,V,-55.761958333333333333333333333,V,1.0529441666666666666666666667,V
2024-01-03,,20.68530625,V,57.878765416666666666666666667,V,10.95625,V,5.9267916666666666666666666667,V,0.9269516666666666666666666667,V
2024-01-04,,26.294858333333333333333333333,V,46.145020416666666666666666667,V,10.770833333333333333333333333,V,5.620125,V,0.9285858333333333333333333333,V
2024-01-05,,29.6013275,V,32.04623,V,9.079166666666666666666666667,V,6.5802083333333333333333333333,V,0.9320441666666666666666666667,V
2024-01-06,,27.0773275,V,29.903624583333333333333333333,V,7.6177083333333333333333333333,V,5.3301666666666666666666666667,V,-3.16945875,V
2024-01-07,,21.180707083333333333333333333,V,53.181941666666666666666666667,V,8.955208333333333333333333333,V,4.7591666666666666666666666667,V,0.5992570833333333333333333333,V
2024-01-08,,22.892009166666666666666666667,V,48.4054275,V,10.022916666666666666666666667,V,5.095375,V,0.5736404166666666666666666667,V
2024-01-09,,23.484091666666666666666666667,V,47.59398125,V,15.586458333333333333333333333,V,7.5099166666666666666666666667,V,0.8457204166666666666666666667,V
2024-01-10,,18.322105,V,43.154935416666666666666666667,V,14.944791666666666666666666667,V,6.09075,V,-11.519437083333333333333333333,V
2024-01-11,,37.403378333333333333333333333,V,27.427017083333333333333333333,V,13.517708333333333333333333333,V,8.134791666666666666666666667,V,0.6137179166666666666666666667,V
2024-01-12,,25.94699375,V,44.798615,V,11.794791666666666666666666667,V,6.879,V,0.3069908333333333333333333333,V
2024-01-13,,31.25760625,V,36.86224375,V,18.330208333333333333333333333,V,15.207291666666666666666666667,V,1.1829183333333333333333333333,V
2024-01-14,,32.061038333333333333333333333,V,35.404965416666666666666666667,V,13.510416666666666666666666667,V,10.656458333333333333333333333,V,0.8488195833333333333333333333,V
2024-01-15,,46.482142083333333333333333333,V,3.34973375,V,11.277083333333333333333333333,V,5.3518333333333333333333333333,V,0.7196579166666666666666666667,V
2024-01-16,,45.114705,V,30.090029583333333333333333333,V,16.38125,V,9.765208333333333333333333333,V,1.1169058333333333333333333333,V
2024-01-17,,54.980730416666666666666666667,V,19.54053875,V,19.132291666666666666666666667,V,10.84025,V,1.8358270833333333333333333333,V
2024-01-18,,59.480557916666666666666666667,V,19.581420416666666666666666667,V,16.508333333333333333333333333,V,9.28275,V,1.9516808333333333333333333333,V
2024-01-19,,51.620844166666666666666666667,V,21.387253333333333333333333333,V,16.352083333333333333333333333,V,10.807875,V,1.0105191666666666666666666667,V
2024-01-20,,21.392309166666666666666666667,V,53.316374166666666666666666667,V,12.208333333333333333333333333,V,7.0185,V,0.5749429166666666666666666667,V
2024-01-21,,10.368863333333333333333333333,V,64.810357916666666666666666667,V,15.530208333333333333333333333,V,9.282791666666666666666666667,V,0.9921745833333333333333333333,V
2024-01-22,,16.729212083333333333333333333,V,66.85941625,V,15.173958333333333333333333333,V,7.648375,V,1.48294875,V
2024-01-23,,16.110874583333333333333333333,V,54.46459375,V,11.128125,V,5.8372083333333333333333333333,V,0.7724495833333333333333333333,V
2024-01-24,,23.152399583333333333333333333,V,62.947012916666666666666666667,V,26.760416666666666666666666667,V,13.958458333333333333333333333,V,0.7883420833333333333333333333,V
2024-01-25,,23.32823125,V,42.706594583333333333333333333,V,12.84375,V,7.735875,V,0.80699625,V
2024-01-26,,33.148052916666666666666666667,V,47.347983333333333333333333333,V,11.853125,V,5.7546666666666666666666666667,V,0.7835125,V
2024-01-27,,29.822522916666666666666666667,V,40.054670416666666666666666667,V,15.239583333333333333333333333,V,8.808958333333333333333333333,V,0.81868375,V
2024-01-28,,33.476149166666666666666666667,V,25.726515,V,14.804166666666666666666666667,V,10.677125,V,0.8126104166666666666666666667,V
2024-01-29,,25.705242916666666666666666667,V,28.619587083333333333333333333,V,21.947916666666666666666666667,V,14.882166666666666666666666667,V,0.24774125,V
2024-01-30,,29.547557083333333333333333333,V,42.26657125,V,8.190625,V,4.3189583333333333333333333333,V,0.8628683333333333333333333333,V
2024-01-31,,16.94624625,V,58.216233333333333333333333333,V,8.992708333333333333333333333,V,5.58575,V,0.8421116666666666666666666667,V
2024-02-01,,33.698419166666666666666666667,V,47.708318333333333333333333333,V,17.078125,V,8.301041666666666666666666667,V,0.7643770833333333333333333333,V
2024-02-02,,19.954629166666666666666666667,V,54.43618375,V,6.7395833333333333333333333333,V,3.8188333333333333333333333333,V,0.4172766666666666666666666667,V
2024-02-03,,18.070573333333333333333333333,V,57.99033125,V,5.959375,V,2.9992083333333333333333333333,V,0.94248625,V
2024-02-04,,14.121864166666666666666666667,V,59.453151666666666666666666667,V,9.795833333333333333333333333,V,4.64825,V,1.2344883333333333333333333333,V
2024-02-05,,10.477002916666666666666666667,V,65.226821666666666666666666667,V,21.755208333333333333333333333,V,9.279791666666666666666666667,V,1.2506554166666666666666666667,V
2024-02-06,,9.390984583333333333333333333,V,67.036118333333333333333333333,V,20.813541666666666666666666667,V,9.61375,V,0.6527516666666666666666666667,V
2024-02-07,,22.57059,V,33.716522083333333333333333333,V,13.45625,V,6.639125,V,-11.629867916666666666666666667,V
2024-02-08,,35.087847083333333333333333333,V,33.28661375,V,11.959375,V,7.3359583333333333333333333333,V,-2.5114629166666666666666666667,V
2024-02-09,,17.10696125,V,65.9357125,V,11.33125,V,6.9282083333333333333333333333,V,0.6066354166666666666666666667,V
2024-02-10,,22.322570833333333333333333333,V,53.32261,V,9.000,V,5.8255,V,1.6455220833333333333333333333,V
2024-02-11,,38.720005416666666666666666667,V,33.603985416666666666666666667,V,11.417708333333333333333333333,V,7.5825416666666666666666666667,V,1.25964875,V
2024-02-12,,27.03641125,V,50.69493875,V,8.683333333333333333333333333,V,4.3102083333333333333333333333,V,1.10791375,V
2024-02-13,,20.66577625,V,59.868229583333333333333333333,V,7.4916666666666666666666666667,V,4.0969583333333333333333333333,V,0.5569941666666666666666666667,V
2024-02-14,,-3.5858225,V,31.33651375,V,2.2166666666666666666666666667,V,-0.1362083333333333333333333333,V,-16.183018333333333333333333333,V
2024-02-15,,20.764484583333333333333333333,V,42.779355,V,9.273958333333333333333333333,V,5.3921666666666666666666666667,V,1.2004654166666666666666666667,V
2024-02-16,,32.241387916666666666666666667,V,46.8123325,V,9.421875,V,5.205375,V,1.3067425,V
2024-02-17,,16.647560416666666666666666667,V,58.619532083333333333333333333,V,7.7666666666666666666666666667,V,4.9439583333333333333333333333,V,0.9795954166666666666666666667,V
2024-02-18,,26.668495833333333333333333333,V,48.990971666666666666666666667,V,5.246875,V,3.1389166666666666666666666667,V,0.8585329166666666666666666667,V
2024-02-19,,34.990022083333333333333333333,V,40.92848125,V,11.920833333333333333333333333,V,6.920375,V,0.52676375,V
2024-02-20,,17.224958333333333333333333333,V,53.955275416666666666666666667,V,13.977083333333333333333333333,V,7.987375,V,0.73377125,V
2024-02-21,,16.218274166666666666666666667,V,65.222665,V,7.2927083333333333333333333333,V,4.183375,V,1.6255720833333333333333333333,V
2024-02-22,,25.091614166666666666666666667,V,60.806485416666666666666666667,V,6.16875,V,3.5034166666666666666666666667,V,1.7512554166666666666666666667,V
2024-02-23,,19.260312916666666666666666667,V,59.906341666666666666666666667,V,6.6666666666666666666666666667,V,3.668375,V,0.76704125,V
2024-02-24,,32.852441666666666666666666667,V,40.976988333333333333333333333,V,11.21875,V,7.7241666666666666666666666667,V,0.774435,V
2024-02-25,,40.1992475,V,31.763506666666666666666666667,V,15.017708333333333333333333333,V,11.378708333333333333333333333,V,1.4509083333333333333333333333,V
2024-02-26,,19.4849575,V,61.8660075,V,8.151041666666666666666666667,V,4.3190416666666666666666666667,V,1.6144833333333333333333333333,V
2024-02-27,,30.122540833333333333333333333,V,44.288603333333333333333333333,V,9.38125,V,5.4864166666666666666666666667,V,0.694035,V
2024-02-28,,-47.0706975,V,-40.483729583333333333333333333,V,-5.1125,V,-7.6206666666666666666666666667,V,-57.430245416666666666666666667,V
2024-02-29,,-35.502007083333333333333333333,V,-38.63909375,V,5.2958333333333333333333333333,V,3.071,V,-57.542210416666666666666666667,V
2024-03-01,,17.382977916666666666666666667,V,67.66116125,V,7.240625,V,3.8365,V,1.2075508333333333333333333333,V
2024-03-02,,18.024145416666666666666666667,V,66.686177916666666666666666667,V,7.1864583333333333333333333333,V,4.2492083333333333333333333333,V,0.5413483333333333333333333333,V
2024-03-03,,37.586036666666666666666666667,V,40.236224166666666666666666667,V,10.108333333333333333333333333,V,6.9929583333333333333333333333,V,1.3597466666666666666666666667,V
2024-03-04,,28.143506666666666666666666667,V,51.8272225,V,9.263541666666666666666666667,V,5.34975,V,1.2139304166666666666666666667,V
2024-03-05,,33.808353333333333333333333333,V,38.934167083333333333333333333,V,10.7625,V,6.6746666666666666666666666667,V,1.0252791666666666666666666667,V
2024-03-06,,23.059460833333333333333333333,V,22.837046666666666666666666667,V,19.771875,V,14.907083333333333333333333333,V,-20.1747725,V
2024-03-07,,45.714646666666666666666666667,V,27.766564166666666666666666667,V,37.471875,V,29.754458333333333333333333333,V,-2.7714354166666666666666666667,V
2024-03-08,,40.8307025,V,26.978677916666666666666666667,V,37.648958333333333333333333333,V,27.063833333333333333333333333,V,1.9772370833333333333333333333,V
2024-03-09,,47.487130416666666666666666667,V,29.121976666666666666666666667,V,19.757291666666666666666666667,V,13.160416666666666666666666667,V,1.7841720833333333333333333333,V
2024-03-10,,41.318155833333333333333333333,V,25.74175875,V,16.64375,V,14.021291666666666666666666667,V,0.8023695833333333333333333333,V
2024-03-11,,38.068816666666666666666666667,V,22.730885416666666666666666667,V,42.019791666666666666666666667,V,33.765875,V,1.0924358333333333333333333333,V
2024-03-12,,25.189440416666666666666666667,V,36.47627,V,11.819791666666666666666666667,V,8.970083333333333333333333333,V,0.6830745833333333333333333333,V
2024-03-13,,14.256576666666666666666666667,V,55.130520833333333333333333333,V,7.59375,V,4.308125,V,0.5563704166666666666666666667,V
2024-03-14,,16.565508333333333333333333333,V,49.269537916666666666666666667,V,9.426041666666666666666666667,V,5.8245,V,0.50899375,V
2024-03-15,,14.95461125,V,65.206725416666666666666666667,V,10.452083333333333333333333333,V,6.2294166666666666666666666667,V,1.4222383333333333333333333333,V
2024-03-16,,18.69471,V,55.271881666666666666666666667,V,6.9291666666666666666666666667,V,4.1314166666666666666666666667,V,0.8083633333333333333333333333,V
2024-03-17,,14.68306,V,50.737902083333333333333333333,V,7.5302083333333333333333333333,V,5.338125,V,0.86046,V
2024-03-18,,13.82108375,V,62.144575,V,9.017708333333333333333333333,V,5.4854583333333333333333333333,V,0.74191875,V
2024-03-19,,13.893330416666666666666666667,V,61.137023333333333333333333333,V,6.4979166666666666666666666667,V,3.8462916666666666666666666667,V,0.5393858333333333333333333333,V
2024-03-20,,26.479071666666666666666666667,V,49.449011666666666666666666667,V,11.954166666666666666666666667,V,7.2495833333333333333333333333,V,0.5996870833333333333333333333,V
2024-03-21,,19.616745833333333333333333333,V,47.07149625,V,11.688541666666666666666666667,V,8.416916666666666666666666667,V,0.514855,V
2024-03-22,,29.267764583333333333333333333,V,45.727863333333333333333333333,V,12.105208333333333333333333333,V,7.3919166666666666666666666667,V,0.7157616666666666666666666667,V
2024-03-23,,28.134382083333333333333333333,V,60.167584583333333333333333333,V,7.8875,V,3.8315416666666666666666666667,V,1.0399704166666666666666666667,V
2024-03-24,,32.825977916666666666666666667,V,50.471115833333333333333333333,V,8.638541666666666666666666667,V,5.1925416666666666666666666667,V,0.5259783333333333333333333333,V
2024-03-25,,25.88010,V,54.445885,V,13.3375,V,7.2111666666666666666666666667,V,0.9205625,V
2024-03-26,,36.94443,V,35.503365,V,14.883333333333333333333333333,V,8.665583333333333333333333333,V,0.8439379166666666666666666667,V
2024-03-27,,17.94760125,V,67.799057916666666666666666667,V,6.8552083333333333333333333333,V,3.36975,V,0.4348033333333333333333333333,V
2024-03-28,,11.861907083333333333333333333,V,76.19000625,V,10.088541666666666666666666667,V,5.1159583333333333333333333333,V,0.7354066666666666666666666667,V
2024-03-29,,11.397373333333333333333333333,V,77.272395833333333333333333333,V,8.891666666666666666666666667,V,4.512625,V,0.7327441666666666666666666667,V
2024-03-30,,20.065455833333333333333333333,V,67.63898625,V,8.110416666666666666666666667,V,4.5755,V,0.4532195833333333333333333333,V
2024-03-31,,32.435047826086956521739130435,V,39.600907391304347826086956522,V,22.696739130434782608695652174,V,16.127086956521739130434782609,V,0.7743030434782608695652173913,V
2024-04-01,,14.453059583333333333333333333,V,70.885464166666666666666666667,V,9.283333333333333333333333333,V,6.1143333333333333333333333333,V,1.6405191666666666666666666667,V
2024-04-02,,15.551595,V,74.447232916666666666666666667,V,6.4541666666666666666666666667,V,3.4345416666666666666666666667,V,0.6251979166666666666666666667,V
2024-04-03,,13.825628333333333333333333333,V,70.669955416666666666666666667,V,5.4989583333333333333333333333,V,2.7909166666666666666666666667,V,0.6179533333333333333333333333,V
2024-04-04,,13.145155833333333333333333333,V,76.452634583333333333333333333,V,9.8375,V,5.8235833333333333333333333333,V,0.7158445833333333333333333333,V
2024-04-05,,10.70308125,V,70.47246375,V,12.166666666666666666666666667,V,6.9979166666666666666666666667,V,0.6354604166666666666666666667,V
2024-04-06,,10.854625,V,80.41285208333333333333333333,V,10.380208333333333333333333333,V,5.2526666666666666666666666667,V,0.86962125,V
2024-04-07,,6.156155,V,85.08265166666666666666666667,V,15.303125,V,8.016958333333333333333333333,V,0.58346625,V
2024-04-08,,15.97991875,V,45.988139583333333333333333333,V,12.138541666666666666666666667,V,6.1369166666666666666666666667,V,0.9951108333333333333333333333,V
2024-04-09,,19.535204166666666666666666667,V,70.8806125,V,6.8666666666666666666666666667,V,3.0208333333333333333333333333,V,1.8367604166666666666666666667,V
2024-04-10,,13.1489525,V,62.47026125,V,9.79375,V,4.9449166666666666666666666667,V,0.48943125,V
2024-04-11,,11.22170125,V,54.42163125,V,5.7510416666666666666666666667,V,3.299875,V,0.7035708333333333333333333333,V
2024-04-12,,10.86897875,V,60.77599625,V,9.170833333333333333333333333,V,4.6029166666666666666666666667,V,0.37607,V
2024-04-13,,11.069089583333333333333333333,V,63.3683275,V,8.301041666666666666666666667,V,4.72775,V,0.616785,V
2024-04-14,,19.664442083333333333333333333,V,70.53968125,V,7.875,V,3.9720416666666666666666666667,V,0.7303379166666666666666666667,V
2024-04-15,,18.477359166666666666666666667,V,74.76321875,V,7.977083333333333333333333333,V,3.173125,V,1.1615254166666666666666666667,V
2024-04-16,,23.041890416666666666666666667,V,62.782089166666666666666666667,V,7.3677083333333333333333333333,V,3.478875,V,0.8403429166666666666666666667,V
2024-04-17,,22.570010833333333333333333333,V,53.05721,V,6.8166666666666666666666666667,V,3.0817916666666666666666666667,V,-3.2827325,V
2024-04-18,,22.587547083333333333333333333,V,64.930931666666666666666666667,V,7.1989583333333333333333333333,V,3.1564166666666666666666666667,V,0.5705120833333333333333333333,V
2024-04-19,,25.9503975,V,52.821607083333333333333333333,V,8.714583333333333333333333333,V,4.3710416666666666666666666667,V,1.1715629166666666666666666667,V
2024-04-20,,23.258485416666666666666666667,V,60.055325416666666666666666667,V,12.015625,V,5.84125,V,0.5772308333333333333333333333,V
2024-04-21,,20.330974166666666666666666667,V,63.299725,V,12.151041666666666666666666667,V,5.5867083333333333333333333333,V,0.5269816666666666666666666667,V
2024-04-22,,25.143595416666666666666666667,V,59.063019583333333333333333333,V,10.682291666666666666666666667,V,5.4205,V,0.9359945833333333333333333333,V
2024-04-23,,26.908804583333333333333333333,V,54.091092916666666666666666667,V,9.535416666666666666666666667,V,5.725375,V,0.7299158333333333333333333333,V
2024-04-24,,27.074405833333333333333333333,V,61.89441875,V,9.408333333333333333333333333,V,4.6246666666666666666666666667,V,0.8456891666666666666666666667,V
2024-04-25,,34.845912916666666666666666667,V,49.811425833333333333333333333,V,12.955208333333333333333333333,V,7.933375,V,1.3789775,V
2024-04-26,,27.738749166666666666666666667,V,56.187271666666666666666666667,V,11.510416666666666666666666667,V,7.48625,V,0.5864208333333333333333333333,V
2024-04-27,,19.940942916666666666666666667,V,60.723330833333333333333333333,V,8.573958333333333333333333333,V,6.1852083333333333333333333333,V,0.4966279166666666666666666667,V
2024-04-28,,20.388035416666666666666666667,V,61.010906666666666666666666667,V,4.4052083333333333333333333333,V,3.1279583333333333333333333333,V,1.2790933333333333333333333333,V
2024-04-29,,14.349539166666666666666666667,V,77.588382083333333333333333333,V,8.645833333333333333333333333,V,4.7622083333333333333333333333,V,0.4234204166666666666666666667,V
2024-04-30,,25.557432083333333333333333333,V,61.188300833333333333333333333,V,8.822916666666666666666666667,V,5.0549583333333333333333333333,V,0.72671,V
2024-05-01,,35.487720833333333333333333333,V,40.455889166666666666666666667,V,25.645833333333333333333333333,V,16.728666666666666666666666667,V,0.8031745833333333333333333333,V
2024-05-02,,29.840344166666666666666666667,V,55.369589583333333333333333333,V,26.070833333333333333333333333,V,19.59125,V,0.9734458333333333333333333333,V
2024-05-03,,18.27654625,V,62.328205833333333333333333333,V,6.0697916666666666666666666667,V,3.56025,V,0.4027245833333333333333333333,V
2024-05-04,,19.833607083333333333333333333,V,68.164243333333333333333333333,V,7.621875,V,5.105125,V,0.4672120833333333333333333333,V
2024-05-05,,27.278280833333333333333333333,V,56.972385833333333333333333333,V,9.0875,V,6.5625,V,0.4406570833333333333333333333,V
2024-05-06,,28.020309166666666666666666667,V,39.430322916666666666666666667,V,13.453125,V,10.776375,V,0.9827908333333333333333333333,V
2024-05-07,,27.745697083333333333333333333,V,60.77599625,V,15.236458333333333333333333333,V,11.284541666666666666666666667,V,0.95912125,V
2024-05-08,,24.7607575,V,58.241871666666666666666666667,V,19.947916666666666666666666667,V,14.155,V,0.955695,V
2024-05-09,,21.148401666666666666666666667,V,78.23629125,V,17.015625,V,11.821916666666666666666666667,V,0.8960820833333333333333333333,V
2024-05-10,,36.28125625,V,63.404360416666666666666666667,V,19.340625,V,11.804166666666666666666666667,V,0.9663395833333333333333333333,V
2024-05-11,,30.63523,V,66.36118375,V,27.876041666666666666666666667,V,21.042791666666666666666666667,V,1.0559733333333333333333333333,V
2024-05-12,,29.53827375,V,80.95058208333333333333333333,V,22.971875,V,15.549458333333333333333333333,V,1.5383095833333333333333333333,V
2024-05-13,,14.818475416666666666666666667,V,74.352299166666666666666666667,V,13.348958333333333333333333333,V,8.474875,V,0.5881858333333333333333333333,V
2024-05-14,,20.4037525,V,51.947794166666666666666666667,V,9.646875,V,6.140,V,0.59112125,V
2024-05-15,,10.222828333333333333333333333,V,47.587050833333333333333333333,V,8.86875,V,4.9725,V,-7.86903125,V
2024-05-16,,33.278362083333333333333333333,V,31.58195375,V,14.664583333333333333333333333,V,11.1115,V,0.9365216666666666666666666667,V
2024-05-17,,21.498504583333333333333333333,V,57.988252083333333333333333333,V,9.716666666666666666666666667,V,5.7144583333333333333333333333,V,0.7635729166666666666666666667,V
2024-05-18,,24.781175,V,54.94273,V,16.904166666666666666666666667,V,11.565541666666666666666666667,V,0.65071125,V
2024-05-19,,17.307089583333333333333333333,V,88.161435,V,26.225,V,13.222291666666666666666666667,V,0.6272183333333333333333333333,V
2024-05-20,,19.082642916666666666666666667,V,78.36726,V,22.232291666666666666666666667,V,11.840625,V,0.81512375,V
2024-05-21,,23.388413333333333333333333333,V,44.102200416666666666666666667,V,12.473958333333333333333333333,V,8.151583333333333333333333333,V,0.53629125,V
2024-05-22,,21.3848575,V,43.475077916666666666666666667,V,10.805208333333333333333333333,V,8.136791666666666666666666667,V,0.7478108333333333333333333333,V
2024-05-23,,13.7162425,V,56.475539583333333333333333333,V,8.522916666666666666666666667,V,4.584375,V,0.63537625,V
2024-05-24,,17.938827083333333333333333333,V,62.61231625,V,9.253125,V,4.8457083333333333333333333333,V,0.9362966666666666666666666667,V
2024-05-25,,26.872678333333333333333333333,V,56.53859875,V,12.646875,V,7.735875,V,0.6582225,V
2024-05-26,,12.05348375,V,64.5754475,V,6.6260416666666666666666666667,V,3.982875,V,0.52874125,V
2024-05-27,,7.26471625,V,72.511127083333333333333333333,V,6.6520833333333333333333333333,V,3.2950833333333333333333333333,V,0.478045,V
2024-05-28,,13.632909583333333333333333333,V,54.614272083333333333333333333,V,8.953125,V,4.6216666666666666666666666667,V,0.7361420833333333333333333333,V
2024-05-29,,15.570579583333333333333333333,V,63.161827083333333333333333333,V,6.8177083333333333333333333333,V,3.42675,V,0.3942820833333333333333333333,V
2024-05-30,,25.668072083333333333333333333,V,52.945645833333333333333333333,V,7.1958333333333333333333333333,V,2.9775,V,0.6702920833333333333333333333,V
2024-05-31,,22.457895,V,51.742680416666666666666666667,V,10.384375,V,5.458,V,0.62418375,V
2024-06-01,,17.622955416666666666666666667,V,58.158025416666666666666666667,V,11.028125,V,6.6421666666666666666666666667,V,1.3739933333333333333333333333,V
2024-06-02,,18.41612625,V,74.8096475,V,14.457291666666666666666666667,V,9.260083333333333333333333333,V,1.2091479166666666666666666667,V
2024-06-03,,18.302514583333333333333333333,V,42.618590416666666666666666667,V,8.6125,V,4.678625,V,0.74733625,V
2024-06-04,,15.055699166666666666666666667,V,42.25063375,V,9.773958333333333333333333333,V,5.3134583333333333333333333333,V,1.57246875,V
2024-06-05,,19.4696075,V,58.140008333333333333333333333,V,15.310416666666666666666666667,V,8.514041666666666666666666667,V,1.6702208333333333333333333333,V
2024-06-06,,19.934756666666666666666666667,V,55.85119,V,16.534375,V,10.177916666666666666666666667,V,1.49300875,V
2024-06-07,,17.145648333333333333333333333,V,60.224406666666666666666666667,V,13.58125,V,7.5835833333333333333333333333,V,0.50755125,V
2024-06-08,,13.363274166666666666666666667,V,60.296472916666666666666666667,V,7.941666666666666666666666667,V,3.832625,V,0.5913733333333333333333333333,V
2024-06-09,,17.588663333333333333333333333,V,55.558071666666666666666666667,V,8.308333333333333333333333333,V,4.4712916666666666666666666667,V,0.8243804166666666666666666667,V
2024-06-10,,17.962695833333333333333333333,V,48.647267916666666666666666667,V,6.8802083333333333333333333333,V,3.5259583333333333333333333333,V,0.9910316666666666666666666667,V
2024-06-11,,20.13288625,V,40.962437083333333333333333333,V,2.3166666666666666666666666667,V,-0.676625,V,-3.5801758333333333333333333333,V
2024-06-12,,25.304090416666666666666666667,V,51.615179166666666666666666667,V,10.4875,V,6.1714583333333333333333333333,V,0.8916141666666666666666666667,V
2024-06-13,,14.979668333333333333333333333,V,67.241232916666666666666666667,V,11.326041666666666666666666667,V,5.6595833333333333333333333333,V,1.0215529166666666666666666667,V
2024-06-14,,9.364547083333333333333333333,V,63.336450833333333333333333333,V,7.4177083333333333333333333333,V,3.4345833333333333333333333333,V,1.0268279166666666666666666667,V
2024-06-15,,7.9028295833333333333333333333,V,64.951027916666666666666666667,V,8.208333333333333333333333333,V,4.4162916666666666666666666667,V,-3.3114233333333333333333333333,V
2024-06-16,,8.349763333333333333333333333,V,71.066324166666666666666666667,V,9.90625,V,5.26925,V,0.5796245833333333333333333333,V
2024-06-17,,10.8115875,V,73.03846375,V,7.575,V,3.635,V,0.54071875,V
2024-06-18,,22.536294583333333333333333333,V,58.36036625,V,10.461458333333333333333333333,V,5.4019166666666666666666666667,V,0.57223,V
2024-06-19,,16.502899583333333333333333333,V,63.5443375,V,9.558333333333333333333333333,V,4.3975,V,0.7535375,V
2024-06-20,,20.541626666666666666666666667,V,59.82873125,V,10.34375,V,4.3671666666666666666666666667,V,1.6800941666666666666666666667,V
2024-06-21,,18.342829583333333333333333333,V,78.8855875,V,11.76875,V,5.6397916666666666666666666667,V,1.029395,V
2024-06-22,,12.10574375,V,64.19086,V,6.9270833333333333333333333333,V,3.7057916666666666666666666667,V,0.7847829166666666666666666667,V
2024-06-23,,15.13876875,V,61.203545833333333333333333333,V,7.4635416666666666666666666667,V,4.4005833333333333333333333333,V,0.5366408333333333333333333333,V
2024-06-24,,17.46716375,V,66.561447083333333333333333333,V,9.277083333333333333333333333,V,5.2662083333333333333333333333,V,0.4499891666666666666666666667,V
2024-06-25,,25.272421666666666666666666667,V,85.44714291666666666666666667,V,12.919791666666666666666666667,V,6.6941666666666666666666666667,V,0.9449316666666666666666666667,V
2024-06-26,,19.539992916666666666666666667,V,110.69413375,V,17.917708333333333333333333333,V,10.804875,V,0.8221995833333333333333333333,V
2024-06-27,,12.58932125,V,83.3301775,V,16.664583333333333333333333333,V,8.484791666666666666666666667,V,0.9356495833333333333333333333,V
2024-06-28,,10.53135125,V,60.183522083333333333333333333,V,12.377083333333333333333333333,V,4.7542916666666666666666666667,V,0.7228083333333333333333333333,V
2024-06-29,,18.514746666666666666666666667,V,71.997649583333333333333333333,V,11.792708333333333333333333333,V,5.6347916666666666666666666667,V,1.2084120833333333333333333333,V
2024-06-30,,13.161935833333333333333333333,V,53.853412083333333333333333333,V,8.177083333333333333333333333,V,4.1598333333333333333333333333,V,1.1046266666666666666666666667,V
2024-07-01,,15.672715,V,50.89866625,V,11.529166666666666666666666667,V,4.3435416666666666666666666667,V,0.64952625,V
2024-07-02,,18.803872083333333333333333333,V,48.275845833333333333333333333,V,10.400,V,5.0795416666666666666666666667,V,0.66113875,V
2024-07-03,,17.378489166666666666666666667,V,49.02146125,V,9.678125,V,5.1533333333333333333333333333,V,-15.414763333333333333333333333,V
2024-07-04,,17.013390416666666666666666667,V,57.079794583333333333333333333,V,13.302083333333333333333333333,V,4.9392083333333333333333333333,V,0.6383375,V
2024-07-05,,11.392379583333333333333333333,V,40.36996375,V,6.8791666666666666666666666667,V,3.6714166666666666666666666667,V,0.7420933333333333333333333333,V
2024-07-06,,15.96491125,V,43.59773125,V,3.9822916666666666666666666667,V,1.9840833333333333333333333333,V,0.7984070833333333333333333333,V
2024-07-07,,8.889743333333333333333333333,V,51.83138,V,6.9041666666666666666666666667,V,3.2980416666666666666666666667,V,0.5059308333333333333333333333,V
2024-07-08,,16.384235,V,43.528435,V,6.6260416666666666666666666667,V,3.37075,V,0.9510054166666666666666666667,V
2024-07-09,,20.416432916666666666666666667,V,31.463459583333333333333333333,V,7.963541666666666666666666667,V,4.6285416666666666666666666667,V,0.5967620833333333333333333333,V
2024-07-10,,9.903209583333333333333333333,V,58.695756666666666666666666667,V,6.2177083333333333333333333333,V,2.5855,V,0.85563125,V
2024-07-11,,12.458349166666666666666666667,V,52.84100875,V,8.040625,V,3.7933333333333333333333333333,V,-7.681395,V
2024-07-12,,16.783564583333333333333333333,V,44.851972916666666666666666667,V,9.689583333333333333333333333,V,4.946,V,0.6762275,V
2024-07-13,,15.573224583333333333333333333,V,50.092763333333333333333333333,V,6.7114583333333333333333333333,V,3.971125,V,0.6403833333333333333333333333,V
2024-07-14,,12.36568875,V,61.064263333333333333333333333,V,6.7822916666666666666666666667,V,4.2964166666666666666666666667,V,0.4613683333333333333333333333,V
2024-07-15,,26.92406,V,52.23259875,V,10.076041666666666666666666667,V,5.6190833333333333333333333333,V,1.220945,V
2024-07-16,,14.707417916666666666666666667,V,59.80309125,V,7.4052083333333333333333333333,V,3.7343333333333333333333333333,V,1.01370,V
2024-07-17,,16.181011666666666666666666667,V,59.756664583333333333333333333,V,8.773958333333333333333333333,V,5.322375,V,0.67653,V
2024-07-18,,17.624094583333333333333333333,V,73.162502083333333333333333333,V,11.7125,V,5.963125,V,0.5395758333333333333333333333,V
2024-07-19,,29.10842125,V,78.989529583333333333333333333,V,17.523958333333333333333333333,V,8.730416666666666666666666667,V,3.2928575,V
2024-07-20,,9.7050725,V,46.729177916666666666666666667,V,7.61875,V,4.5215,V,0.6290833333333333333333333333,V
2024-07-21,,10.40786,V,51.347005416666666666666666667,V,5.2520833333333333333333333333,V,2.71225,V,0.7810220833333333333333333333,V
2024-07-22,,9.749911666666666666666666667,V,52.699646666666666666666666667,V,8.375,V,3.9809166666666666666666666667,V,-7.01172875,V
2024-07-23,,15.23457125,V,46.19907,V,7.471875,V,3.9071666666666666666666666667,V,0.4990020833333333333333333333,V
2024-07-24,,20.980792916666666666666666667,V,48.611927083333333333333333333,V,9.939583333333333333333333333,V,5.72825,V,0.6632441666666666666666666667,V
2024-07-25,,10.746686666666666666666666667,V,43.740479166666666666666666667,V,5.9854166666666666666666666667,V,3.1635,V,1.8345158333333333333333333333,V
2024-07-26,,10.861635833333333333333333333,V,50.97558375,V,10.223958333333333333333333333,V,5.2879166666666666666666666667,V,0.7449991666666666666666666667,V
2024-07-27,,19.106082083333333333333333333,V,48.052715833333333333333333333,V,8.345833333333333333333333333,V,4.2709166666666666666666666667,V,-15.3793075,V
2024-07-28,,20.403254583333333333333333333,V,59.3325775,V,8.986458333333333333333333333,V,5.3282083333333333333333333333,V,no data,V
2024-07-29,,35.401578333333333333333333333,V,67.455354166666666666666666667,V,14.147916666666666666666666667,V,6.995875,V,no data,V
2024-07-30,,34.605469583333333333333333333,V,98.19190458333333333333333333,V,20.4875,V,10.4825,V,no data,V
2024-07-31,,28.957275416666666666666666667,V,94.93156916666666666666666667,V,18.691666666666666666666666667,V,7.74375,V,-7.05199125,V
2024-08-01,,27.8126275,V,73.726564166666666666666666667,V,17.389583333333333333333333333,V,9.672791666666666666666666667,V,1.5049691666666666666666666667,V
2024-08-02,,19.31103125,V,73.509670833333333333333333333,V,19.045833333333333333333333333,V,13.162375,V,1.0738516666666666666666666667,V
2024-08-03,,12.09368875,V,62.332364166666666666666666667,V,10.769791666666666666666666667,V,5.5435,V,1.4715220833333333333333333333,V
2024-08-04,,10.827388333333333333333333333,V,56.009184166666666666666666667,V,10.158333333333333333333333333,V,5.3871666666666666666666666667,V,1.20440875,V
2024-08-05,,8.31773125,V,58.925815,V,10.730208333333333333333333333,V,6.1380416666666666666666666667,V,1.075065,V
2024-08-06,,14.285557916666666666666666667,V,52.098858333333333333333333333,V,8.855208333333333333333333333,V,4.7031666666666666666666666667,V,0.8104045833333333333333333333,V
2024-08-07,,12.432489583333333333333333333,V,61.732961666666666666666666667,V,10.940625,V,4.9410416666666666666666666667,V,0.8258241666666666666666666667,V
2024-08-08,,1.6866966666666666666666666667,V,58.866914166666666666666666667,V,12.141666666666666666666666667,V,6.0928333333333333333333333333,V,-11.801702083333333333333333333,V
2024-08-09,,9.16917375,V,60.27776375,V,8.372916666666666666666666667,V,3.5790833333333333333333333333,V,0.9278475,V
2024-08-10,,9.126099583333333333333333333,V,58.732481666666666666666666667,V,10.802083333333333333333333333,V,5.856,V,0.6978391666666666666666666667,V
2024-08-11,,21.831392083333333333333333333,V,60.046319166666666666666666667,V,10.369791666666666666666666667,V,5.3744166666666666666666666667,V,1.6700741666666666666666666667,V
2024-08-12,,31.221330833333333333333333333,V,64.645435416666666666666666667,V,15.921875,V,7.3280416666666666666666666667,V,1.1824941666666666666666666667,V
2024-08-13,,1.5386775,V,51.638325,V,10.717041666666666666666666667,V,4.2378333333333333333333333333,V,-11.80722875,V
2024-08-14,,18.897623333333333333333333333,V,53.09255,V,10.700,V,4.8840833333333333333333333333,V,1.0009254166666666666666666667,V
2024-08-15,,9.445825,V,52.461272083333333333333333333,V,10.390625,V,4.5655833333333333333333333333,V,0.58035125,V
2024-08-16,,15.93061375,V,55.36127375,V,8.366666666666666666666666667,V,3.79025,V,0.4702020833333333333333333333,V
2024-08-17,,16.97845,V,64.391815416666666666666666667,V,9.907291666666666666666666667,V,4.6746666666666666666666666667,V,0.79469,V
2024-08-18,,16.13569375,V,61.72118125,V,12.372916666666666666666666667,V,7.2248333333333333333333333333,V,0.87202875,V
2024-08-19,,16.317953333333333333333333333,V,54.626744166666666666666666667,V,26.334375,V,18.732333333333333333333333333,V,0.6319816666666666666666666667,V
2024-08-20,,12.701735416666666666666666667,V,64.370335,V,10.367708333333333333333333333,V,5.028375,V,0.5123520833333333333333333333,V
2024-08-21,,11.661942916666666666666666667,V,56.877450833333333333333333333,V,12.99375,V,5.047125,V,0.70888875,V
2024-08-22,,8.666765833333333333333333333,V,63.630955833333333333333333333,V,10.372916666666666666666666667,V,4.435,V,0.6290804166666666666666666667,V
2024-08-23,,9.02283375,V,71.252035,V,9.0125,V,4.1607916666666666666666666667,V,0.88438375,V
2024-08-24,,18.353973333333333333333333333,V,57.360438333333333333333333333,V,7.850,V,4.5755833333333333333333333333,V,1.1684454166666666666666666667,V
2024-08-25,,6.9973420833333333333333333333,V,62.227727916666666666666666667,V,9.864583333333333333333333333,V,4.7730833333333333333333333333,V,0.55392875,V
2024-08-26,,7.3733708333333333333333333333,V,73.448689583333333333333333333,V,14.114583333333333333333333333,V,8.376583333333333333333333333,V,0.5844020833333333333333333333,V
2024-08-27,,14.177712083333333333333333333,V,73.34128375,V,13.1375,V,7.4057083333333333333333333333,V,0.7493995833333333333333333333,V
2024-08-28,,-23.439589583333333333333333333,V,-33.798414583333333333333333333,V,18.173958333333333333333333333,V,9.472375,V,-48.947066666666666666666666667,V
2024-08-29,,-52.69298125,V,-31.656915,V,3.2559166666666666666666666667,V,-2.1749166666666666666666666667,V,-57.375900833333333333333333333,V
2024-08-30,,25.02241,V,50.937471666666666666666666667,V,20.875,V,12.142333333333333333333333333,V,-2.8464933333333333333333333333,V
2024-08-31,,18.513697083333333333333333333,V,57.24956625,V,20.002083333333333333333333333,V,12.086375,V,-3.3780354166666666666666666667,V
2024-09-01,,26.379851666666666666666666667,V,57.58356875,V,23.134375,V,14.332875,V,-3.7424083333333333333333333333,V
2024-09-02,,16.159534583333333333333333333,V,53.73422375,V,12.93125,V,8.332333333333333333333333333,V,-3.7107641666666666666666666667,V
2024-09-03,,13.943124166666666666666666667,V,47.978569583333333333333333333,V,7.0729166666666666666666666667,V,3.8905416666666666666666666667,V,-3.53241375,V
2024-09-04,,8.736059583333333333333333333,V,38.620260833333333333333333333,V,11.104166666666666666666666667,V,5.61725,V,-11.981859583333333333333333333,V
2024-09-05,,23.801286666666666666666666667,V,39.48437125,V,15.839583333333333333333333333,V,10.725208333333333333333333333,V,-3.94440625,V
2024-09-06,,24.104252916666666666666666667,V,26.025869583333333333333333333,V,20.211458333333333333333333333,V,14.159791666666666666666666667,V,-3.622685,V
2024-09-07,,38.72507375,V,25.109787916666666666666666667,V,15.327083333333333333333333333,V,10.120875,V,-7.8190645833333333333333333333,V
2024-09-08,,19.089349583333333333333333333,V,56.683425,V,8.978125,V,6.1290833333333333333333333333,V,-4.0178279166666666666666666667,V
2024-09-09,,20.306282083333333333333333333,V,42.29498125,V,12.100,V,5.986625,V,-3.7641170833333333333333333333,V
2024-09-10,,13.688375833333333333333333333,V,48.852381666666666666666666667,V,12.719791666666666666666666667,V,6.3257083333333333333333333333,V,-3.9272854166666666666666666667,V
2024-09-11,,23.944185833333333333333333333,V,39.03256625,V,7.3479166666666666666666666667,V,3.1565416666666666666666666667,V,-3.94148625,V
2024-09-12,,26.626001666666666666666666667,V,35.96764375,V,5.81875,V,2.6022083333333333333333333333,V,-3.7446758333333333333333333333,V
2024-09-13,,27.621574583333333333333333333,V,42.3712075,V,7.9104166666666666666666666667,V,3.9189583333333333333333333333,V,-3.8161279166666666666666666667,V
2024-09-14,,27.986735,V,48.444232916666666666666666667,V,11.257291666666666666666666667,V,6.773875,V,-3.59401375,V
2024-09-15,,14.071980416666666666666666667,V,65.307897916666666666666666667,V,7.0125,V,4.0752916666666666666666666667,V,-3.7779145833333333333333333333,V
2024-09-16,,20.280879166666666666666666667,V,40.04981875,V,9.19375,V,4.7415833333333333333333333333,V,-3.5901516666666666666666666667,V
2024-09-17,,20.68715875,V,47.606454583333333333333333333,V,9.808333333333333333333333333,V,3.9975416666666666666666666667,V,-3.8276729166666666666666666667,V
2024-09-18,,17.552712916666666666666666667,V,60.098980833333333333333333333,V,22.439583333333333333333333333,V,9.984333333333333333333333333,V,-3.5656325,V
2024-09-19,,19.541148333333333333333333333,V,64.478435,V,40.492708333333333333333333333,V,24.129458333333333333333333333,V,-3.62081,V
2024-09-20,,24.702475833333333333333333333,V,72.7425725,V,42.0625,V,25.643875,V,-3.6051216666666666666666666667,V
2024-09-21,,32.631493333333333333333333333,V,51.995606666666666666666666667,V,34.377083333333333333333333333,V,22.659291666666666666666666667,V,-3.523175,V
2024-09-22,,23.366934166666666666666666667,V,43.773047916666666666666666667,V,21.296875,V,16.473166666666666666666666667,V,-3.99039875,V
2024-09-23,,12.942454166666666666666666667,V,68.0173375,V,9.897916666666666666666666667,V,6.825875,V,-4.07443875,V
2024-09-24,,19.38588625,V,63.550573333333333333333333333,V,10.032291666666666666666666667,V,6.54975,V,-3.8597520833333333333333333333,V
2024-09-25,,22.179387916666666666666666667,V,58.792768333333333333333333333,V,8.930208333333333333333333333,V,5.1011666666666666666666666667,V,-3.7826904166666666666666666667,V
2024-09-26,,14.908237083333333333333333333,V,53.475752916666666666666666667,V,8.910416666666666666666666667,V,4.2020416666666666666666666667,V,-3.7153191666666666666666666667,V
2024-09-27,,25.237625833333333333333333333,V,39.379042083333333333333333333,V,7.625,V,3.6340833333333333333333333333,V,-3.61872125,V
2024-09-28,,28.91056875,V,36.426377083333333333333333333,V,8.00625,V,4.3120833333333333333333333333,V,-7.8838733333333333333333333333,V
2024-09-29,,29.194082916666666666666666667,V,41.417705416666666666666666667,V,8.554166666666666666666666667,V,5.0442083333333333333333333333,V,-3.8464425,V
2024-09-30,,18.600034166666666666666666667,V,39.449724166666666666666666667,V,4.0572916666666666666666666667,V,1.7993333333333333333333333333,V,-3.6121016666666666666666666667,V
2024-10-01,,24.557639583333333333333333333,V,34.644106666666666666666666667,V,5.4833333333333333333333333333,V,3.0169166666666666666666666667,V,0.6304466666666666666666666667,V
2024-10-02,,10.049184166666666666666666667,V,37.363940416666666666666666667,V,8.439583333333333333333333333,V,4.2285833333333333333333333333,V,-12.074847083333333333333333333,V
2024-10-03,,34.340363333333333333333333333,V,35.427833333333333333333333333,V,13.083333333333333333333333333,V,6.0552916666666666666666666667,V,0.2014225,V
2024-10-04,,36.225438333333333333333333333,V,35.742434166666666666666666667,V,12.4875,V,7.504,V,-3.6537454166666666666666666667,V
2024-10-05,,29.033704166666666666666666667,V,43.454290416666666666666666667,V,13.148958333333333333333333333,V,8.564333333333333333333333333,V,0.38762,V
2024-10-06,,21.132420416666666666666666667,V,36.533784166666666666666666667,V,9.379166666666666666666666667,V,5.2210833333333333333333333333,V,0.2889104166666666666666666667,V
2024-10-07,,17.817029166666666666666666667,V,51.34007625,V,11.492708333333333333333333333,V,5.7360833333333333333333333333,V,0.2486041666666666666666666667,V
2024-10-08,,17.05422625,V,54.786124166666666666666666667,V,11.113541666666666666666666667,V,5.4372916666666666666666666667,V,0.3210270833333333333333333333,V
2024-10-09,,18.143985,V,52.267245416666666666666666667,V,6.8072916666666666666666666667,V,3.2654583333333333333333333333,V,0.289785,V
2024-10-10,,26.723612083333333333333333333,V,43.145925833333333333333333333,V,10.926041666666666666666666667,V,5.008875,V,0.50503125,V
2024-10-11,,36.01442125,V,28.1609925,V,12.319791666666666666666666667,V,6.9664166666666666666666666667,V,0.4013479166666666666666666667,V
2024-10-12,,27.944071666666666666666666667,V,46.19352625,V,8.044791666666666666666666667,V,4.145,V,0.2584725,V
2024-10-13,,21.8762875,V,41.919402916666666666666666667,V,10.461458333333333333333333333,V,4.9085833333333333333333333333,V,0.1840204166666666666666666667,V
2024-10-14,,40.42100125,V,26.96412625,V,12.332291666666666666666666667,V,6.5625833333333333333333333333,V,0.40116625,V
2024-10-15,,36.304255,V,14.599794583333333333333333333,V,25.346875,V,17.308458333333333333333333333,V,0.836385,V
2024-10-16,,23.674414166666666666666666667,V,9.795287916666666666666666667,V,22.611458333333333333333333333,V,10.068833333333333333333333333,V,0.66539625,V
2024-10-17,,16.25088375,V,48.363850833333333333333333333,V,14.248958333333333333333333333,V,5.6122083333333333333333333333,V,0.1035145833333333333333333333,V
2024-10-18,,26.61771375,V,32.841739583333333333333333333,V,17.204166666666666666666666667,V,8.780625,V,0.3305854166666666666666666667,V
2024-10-19,,19.93783375,V,52.227747916666666666666666667,V,12.400,V,6.1653333333333333333333333333,V,-3.8768466666666666666666666667,V
2024-10-20,,11.699867083333333333333333333,V,60.502972916666666666666666667,V,17.361458333333333333333333333,V,8.546666666666666666666666667,V,0.3254629166666666666666666667,V
2024-10-21,,18.558178333333333333333333333,V,44.719619166666666666666666667,V,24.422916666666666666666666667,V,10.571,V,0.2058954166666666666666666667,V
2024-10-22,,19.6466125,V,42.38714375,V,15.188541666666666666666666667,V,7.1610833333333333333333333333,V,0.240005,V
2024-10-23,,19.828365833333333333333333333,V,50.78433,V,14.694791666666666666666666667,V,7.6710833333333333333333333333,V,0.26406625,V
2024-10-24,,28.154257083333333333333333333,V,31.3927775,V,14.479166666666666666666666667,V,7.5522083333333333333333333333,V,0.5872770833333333333333333333,V
2024-10-25,,29.461097916666666666666666667,V,20.929212083333333333333333333,V,19.33125,V,11.354208333333333333333333333,V,0.2118004166666666666666666667,V
2024-10-26,,42.401093333333333333333333333,V,16.04667625,V,17.730208333333333333333333333,V,11.183125,V,0.8841595833333333333333333333,V
2024-10-27,,24.283582,V,35.9911208,V,12.263,V,7.3736,V,0.56739,V
2024-10-28,,15.8802875,V,49.487817083333333333333333333,V,10.26875,V,5.1474166666666666666666666667,V,0.3100133333333333333333333333,V
2024-10-29,,28.551419583333333333333333333,V,24.217957916666666666666666667,V,11.269791666666666666666666667,V,5.049,V,0.21968625,V
2024-10-30,,24.953593333333333333333333333,V,19.8398925,V,14.258333333333333333333333333,V,9.72675,V,-7.58302125,V
2024-10-31,,36.91166625,V,18.806702083333333333333333333,V,20.357291666666666666666666667,V,15.005875,V,1.2579079166666666666666666667,V
2024-11-01,,29.09390625,V,32.379540416666666666666666667,V,19.694791666666666666666666667,V,14.913583333333333333333333333,V,0.1858995833333333333333333333,V
2024-11-02,,30.68797875,V,24.045415,V,10.225,V,7.450875,V,0.6326495833333333333333333333,V
2024-11-03,,30.085106666666666666666666667,V,22.890264583333333333333333333,V,17.936458333333333333333333333,V,14.475291666666666666666666667,V,0.60203375,V
2024-11-04,,35.568160833333333333333333333,V,-55.351554583333333333333333333,V,26.642708333333333333333333333,V,19.771083333333333333333333333,V,1.155815,V
2024-11-05,,39.50576125,V,17.0272025,V,38.283333333333333333333333333,V,29.892916666666666666666666667,V,0.8200145833333333333333333333,V
2024-11-06,,40.957864166666666666666666667,V,11.324905416666666666666666667,V,33.4375,V,26.256958333333333333333333333,V,0.9288045833333333333333333333,V
2024-11-07,,36.27134125,V,14.938647916666666666666666667,V,28.939583333333333333333333333,V,21.35725,V,1.2611175,V
2024-11-08,,42.983734166666666666666666667,V,16.353654583333333333333333333,V,28.215625,V,21.761083333333333333333333333,V,-3.53936875,V
2024-11-09,,31.03992625,V,24.615713333333333333333333333,V,25.265625,V,20.87075,V,0.27031,V
2024-11-10,,31.199527083333333333333333333,V,22.981734166666666666666666667,V,27.491666666666666666666666667,V,21.144958333333333333333333333,V,1.2332320833333333333333333333,V
2024-11-11,,37.572605416666666666666666667,V,28.652847916666666666666666667,V,16.964583333333333333333333333,V,9.073416666666666666666666667,V,0.6126258333333333333333333333,V
2024-11-12,,-41.920890416666666666666666667,V,-33.343005,V,-40.948958333333333333333333333,V,-45.459125,V,-53.441245416666666666666666667,V
2024-11-13,,no data,V,no data,V,no data,V,no data,V,no data,V
2024-11-14,,no data,V,no data,V,no data,V,no data,V,no data,V
2024-11-15,,no data,V,no data,V,no data,V,no data,V,no data,V
2024-11-16,,no data,V,no data,V,no data,V,no data,V,no data,V
2024-11-17,,no data,V,no data,V,no data,V,no data,V,no data,V
2024-11-18,,no data,V,no data,V,no data,V,no data,V,no data,V
2024-11-19,,no data,V,no data,V,no data,V,no data,V,no data,V
2024-11-20,,no data,V,no data,V,no data,V,no data,V,no data,V
2024-11-21,,no data,V,no data,V,no data,V,no data,V,no data,V
2024-11-22,,no data,V,no data,V,no data,V,no data,V,no data,V
2024-11-23,,no data,V,no data,V,no data,V,no data,V,no data,V
2024-11-24,,no data,V,no data,V,no data,V,no data,V,no data,V
2024-11-25,,no data,V,no data,V,no data,V,no data,V,no data,V
2024-11-26,,no data,V,no data,V,no data,V,no data,V,no data,V
2024-11-27,,no data,V,no data,V,no data,V,no data,V,no data,V
2024-11-28,,no data,V,no data,V,no data,V,no data,V,no data,V
2024-11-29,,no data,V,no data,V,no data,V,no data,V,no data,V
2024-11-30,,no data,V,no data,V,no data,V,no data,V,no data,V
2024-12-01,,no data,V,no data,V,no data,V,no data,V,no data,V
2024-12-02,,-51.200195416666666666666666667,V,-55.557914583333333333333333333,V,-58.557291666666666666666666667,V,-60.200791666666666666666666667,V,no data,V
2024-12-03,,36.117464583333333333333333333,V,23.304649583333333333333333333,V,14.001041666666666666666666667,V,7.9009583333333333333333333333,V,no data,V
2024-12-04,,37.129357916666666666666666667,V,21.08859125,V,13.517708333333333333333333333,V,9.123458333333333333333333333,V,no data,V
2024-12-05,,19.234732083333333333333333333,V,48.95701625,V,5.4135416666666666666666666667,V,2.8261666666666666666666666667,V,no data,V
2024-12-06,,30.114650833333333333333333333,V,41.707359166666666666666666667,V,14.380208333333333333333333333,V,6.7875833333333333333333333333,V,no data,V
2024-12-07,,15.269999583333333333333333333,V,57.238479166666666666666666667,V,4.650,V,2.28775,V,no data,V
2024-12-08,,13.567425833333333333333333333,V,39.078994583333333333333333333,V,5.0510416666666666666666666667,V,3.0493333333333333333333333333,V,no data,V
2024-12-09,,16.903889166666666666666666667,V,34.8111075,V,10.892708333333333333333333333,V,5.4668333333333333333333333333,V,no data,V
2024-12-10,,20.700162916666666666666666667,V,39.01455,V,9.651041666666666666666666667,V,4.6974583333333333333333333333,V,no data,V
2024-12-11,,23.796042083333333333333333333,V,42.804300833333333333333333333,V,9.88125,V,5.0433333333333333333333333333,V,no data,V
2024-12-12,,31.039078333333333333333333333,V,24.46603625,V,8.065625,V,5.89525,V,no data,V
2024-12-13,,36.3857175,V,6.6357045833333333333333333333,V,17.980208333333333333333333333,V,14.938041666666666666666666667,V,no data,V
2024-12-14,,39.853287916666666666666666667,V,20.72964125,V,11.642708333333333333333333333,V,8.869958333333333333333333333,V,no data,V
2024-12-15,,22.11628375,V,38.78864875,V,4.4375,V,2.9372916666666666666666666667,V,no data,V
2024-12-16,,18.436211666666666666666666667,V,51.879192083333333333333333333,V,5.2083333333333333333333333333,V,2.7663333333333333333333333333,V,no data,V
2024-12-17,,21.5777625,V,38.368027083333333333333333333,V,9.435416666666666666666666667,V,5.89825,V,no data,V
2024-12-18,,12.237165833333333333333333333,V,57.95845625,V,9.057291666666666666666666667,V,5.1689583333333333333333333333,V,no data,V
2024-12-19,,31.143287083333333333333333333,V,46.640479583333333333333333333,V,6.6916666666666666666666666667,V,3.2065833333333333333333333333,V,no data,V
2024-12-20,,28.973960416666666666666666667,V,38.263390416666666666666666667,V,9.647916666666666666666666667,V,5.0855833333333333333333333333,V,no data,V
2024-12-21,,21.343570833333333333333333333,V,43.978854583333333333333333333,V,12.335416666666666666666666667,V,6.7394166666666666666666666667,V,no data,V
2024-12-22,,22.546112083333333333333333333,V,58.345122083333333333333333333,V,13.508333333333333333333333333,V,6.1468333333333333333333333333,V,no data,V
2024-12-23,,26.597064166666666666666666667,V,33.426037083333333333333333333,V,17.101041666666666666666666667,V,8.478791666666666666666666667,V,no data,V
2024-12-24,,28.210565833333333333333333333,V,25.436167083333333333333333333,V,10.092708333333333333333333333,V,7.8124583333333333333333333333,V,no data,V
2024-12-25,,18.749212916666666666666666667,V,46.167195,V,8.541666666666666666666666667,V,6.3915833333333333333333333333,V,no data,V
2024-12-26,,20.30165125,V,29.00486625,V,11.439583333333333333333333333,V,9.054708333333333333333333333,V,no data,V
2024-12-27,,36.66308625,V,11.218885416666666666666666667,V,14.441666666666666666666666667,V,11.387666666666666666666666667,V,no data,V
2024-12-28,,30.719060833333333333333333333,V,11.148896666666666666666666667,V,9.2625,V,7.3506666666666666666666666667,V,no data,V
2024-12-29,,23.9284825,V,31.082335833333333333333333333,V,7.0489583333333333333333333333,V,5.210375,V,no data,V
2024-12-30,,14.694052916666666666666666667,V,55.01064,V,4.5677083333333333333333333333,V,2.4145,V,no data,V
2024-12-31,,12.008795416666666666666666667,V,57.450522083333333333333333333,V,8.573958333333333333333333333,V,4.2305833333333333333333333333,V,no data,V
